Id,list_price
9907,113
5243,24
8276,149
6501,57
1619,9
2226,39
7130,200
2272,107
9594,53
38,17
3851,144
1713,49
10304,77
2339,13
10128,23
10859,59
392,92
3888,32
5940,33
4577,578
2829,17
9614,409
1900,400
9527,70
2341,78
7739,25
3445,43
298,26
429,22
10482,52
6309,32
9634,30
7093,38
1874,37
798,139
6394,113
11894,29
9504,91
4255,24
8991,46
8667,44
1067,122
936,404
5751,22
7347,75
5061,34
11880,22
11077,83
9796,49
129,10
6500,69
903,39
2018,45
11332,44
2915,46
11814,52
7732,40
1074,70
11551,98
10732,21
824,61
5778,10
10059,34
9400,42
4364,37
8063,25
1466,7
3113,59
11058,63
8462,35
11124,400
8460,36
5114,33
1088,36
8311,30
4693,81
756,71
4864,266
2913,35
8574,17
2851,8
1097,113
3854,142
3136,266
724,29
9697,17
7172,27
7128,26
7952,111
5718,73
12179,40
7537,173
3255,400
10567,65
9557,32
10793,52
2057,-13
11958,50
9908,52
6971,23
1821,34
11339,52
8966,24
9943,56
10888,22
9265,70
6307,24
7913,4
7738,25
12085,157
9432,212
175,217
7253,63
513,120
10635,34
2120,20
5948,78
45,30
6702,28
9850,44
2492,79
5907,56
1458,16
1618,26
210,43
11477,33
2478,57
6426,32
2960,38
8113,39
9717,54
1704,32
3507,17
11102,25
9801,6
3952,68
1864,44
8349,53
4353,88
9770,30
2409,149
3924,24
2337,20
4905,60
5603,18
7039,32
7992,25
5973,54
3338,19
4700,56
6470,32
1358,51
6467,85
569,234
12256,54
1261,22
8498,48
2778,88
6027,85
3204,25
1141,38
3905,59
1386,32
11170,139
2938,60
9836,13
8395,117
4688,50
2679,21
1510,233
8889,161
7382,105
6564,200
975,21
6600,28
6290,42
9185,55
3991,18
12252,75
8050,31
11572,32
2620,19
5396,160
3104,106
2277,39
11985,44
9115,24
4547,4
3176,88
42,29
11787,8
4876,32
293,12
8693,56
7995,393
6953,31
7996,240
4092,29
8622,62
4521,31
6246,21
11186,76
2398,63
5416,72
6777,-13
10874,65
11316,105
10665,20
6965,39
5865,36
5937,48
10426,32
5887,24
665,44
2332,42
7298,44
5282,22
10694,2
1506,404
4895,134
6249,249
9685,11
8769,157
2870,8
12211,65
9929,134
6862,17
8303,25
1124,17
10831,10
4059,44
8906,357
1488,52
5299,33
2999,26
8437,53
8744,120
11825,21
11462,24
4362,44
9138,14
5644,1
11096,26
11162,32
9596,43
5653,21
8278,95
3139,271
2101,30
4721,113
11455,31
4041,98
8687,22
11762,46
2429,44
3731,76
899,57
5800,8
6236,48
2020,29
2669,35
4309,20
5300,39
11090,38
7142,104
4652,11
4049,54
11863,240
12165,44
6125,72
7558,29
1617,17
4026,26
4415,37
8664,39
3997,39
5428,19
3702,19
6498,78
3801,83
2462,728
11839,178
6880,29
5256,37
1316,40
9245,39
7428,41
4053,35
2889,81
11086,49
1551,17
10738,409
1659,39
989,57
1944,234
5023,30
4928,28
7525,36
9547,43
12163,37
3339,32
5113,48
11925,20
933,249
7261,90
8465,21
1092,43
6588,40
6853,41
1250,52
8168,55
7904,18
5812,50
10762,29
439,13
344,24
6643,357
8896,9
11365,28
9806,64
10560,161
1039,25
1079,49
7288,79
3169,149
288,19
3557,26
5332,50
8596,24
10903,43
8536,35
6087,37
90,19
12112,32
10957,18
703,59
11671,53
4329,33
10828,28
10031,98
7666,47
4893,100
2379,215
2578,70
3926,26
7259,47
123,23
6946,41
11250,27
3840,40
7496,59
3283,58
8756,25
818,87
5630,44
5446,113
9493,32
666,42
9905,45
5253,59
6491,45
379,36
4791,30
779,47
11568,31
8234,47
11503,30
11633,42
12101,59
11047,34
2494,73
12053,32
7661,53
3975,27
11610,94
6963,43
1066,101
6479,32
11453,36
4330,159
2074,21
9374,186
4723,173
4421,357
8496,52
2548,26
12233,45
6304,6
9889,19
7660,69
4585,234
8872,42
254,44
10117,32
56,102
9064,409
2887,101
6192,30
9463,63
9216,19
7313,11
3476,73
1147,83
6046,42
11570,24
3236,28
10130,4
1475,34
9983,283
6375,56
7634,25
11678,176
7955,105
4150,56
10380,49
9207,215
8201,33
2030,11
4454,59
7232,234
10807,19
8175,30
8133,24
5905,54
9867,157
9990,123
10893,31
7308,31
9713,24
1846,95
402,21
1397,91
7824,19
1326,262
3778,35
5125,578
4884,34
3004,54
10291,37
5615,98
8374,12
2183,17
1214,96
10093,44
5880,67
8859,22
137,75
4184,42
3735,44
7127,30
7745,27
10294,62
2333,44
12243,234
1556,42
7367,578
135,6
6423,24
6169,91
4674,17
11733,29
10125,57
12120,62
5857,31
2827,14
8171,38
8984,78
9554,24
535,13
4568,32
4987,32
4649,27
11510,34
6894,10
329,20
2530,13
5101,17
2093,357
8191,300
8634,67
5367,35
10764,26
8670,23
1139,24
8123,36
6337,9
8046,24
10844,17
4679,24
11861,44
8031,34
7494,24
5353,54
7647,102
8556,33
11361,32
1303,30
7069,44
12111,32
2189,20
2091,111
10820,29
2824,30
477,56
6558,34
4704,49
2626,18
11849,35
12117,486
472,27
3437,17
3604,70
981,15
6616,221
5046,94
1395,57
413,39
5702,389
2634,45
2104,35
2346,44
9878,72
1822,34
7540,44
11279,-13
7014,34
6738,45
1007,6
8968,29
8452,32
9411,24
7566,22
5722,54
8112,33
8342,79
387,46
2368,45
5650,24
658,56
4548,34
606,54
6555,52
7050,66
3018,55
8895,65
8605,24
493,17
6280,86
10252,34
9050,48
6399,44
3067,57
4614,41
11255,32
4703,64
5077,11
495,25
1478,10
3458,26
9149,25
2976,31
614,103
7960,51
10060,26
6328,27
4804,24
102,48
9623,111
5721,51
4512,34
5460,22
6378,50
8751,42
8474,7
12054,9
3415,8
4468,46
542,33
11945,81
8770,102
2945,33
11928,24
7784,39
11592,63
630,63
9244,42
1851,104
1606,17
4668,9
3358,26
2843,26
12173,44
6734,34
2939,43
11306,269
3762,32
4002,10
124,39
4973,123
11614,83
2672,33
6940,51
7962,31
11786,16
8331,212
11828,26
1110,31
15,38
2148,24
1877,25
8463,11
11183,19
7623,85
1522,53
847,19
4498,79
393,74
8325,31
4442,234
11612,86
682,31
7708,154
6107,29
10160,578
4689,31
34,25
10967,26
11028,54
5517,728
931,26
1266,200
8335,144
3276,39
8354,357
6676,59
2158,17
1637,64
11968,31
841,29
683,26
1686,23
164,28
11561,59
4240,35
10447,106
4268,42
1140,39
6289,44
10355,17
2249,44
12147,134
7731,38
7585,83
10591,51
1758,300
4467,57
7228,20
8967,28
510,32
5529,123
3961,41
2464,212
5883,42
4637,32
10419,66
4974,127
7199,65
10226,30
9657,30
10423,42
6449,34
3894,157
2349,157
5018,47
8999,43
6196,27
6083,65
7327,32
3921,91
4351,83
5754,24
4990,486
81,24
1912,9
929,21
5232,24
9698,9
11705,77
3293,123
10908,33
2028,24
5926,9
1558,16
4584,217
2070,32
10014,45
10873,74
9820,26
10568,9
10638,18
1008,36
2662,40
11636,22
8386,75
9027,57
11540,57
2311,85
631,42
3929,27
4641,29
821,75
190,54
9091,25
6153,28
11298,21
8118,31
6062,37
5138,98
9155,24
10791,57
2475,79
3177,82
2496,54
6099,79
2220,49
5225,14
10685,35
2017,39
3638,42
5745,33
2173,17
4207,67
8066,24
11760,20
2216,56
6468,35
11983,19
7487,24
10767,44
12122,34
6707,27
12245,102
2546,26
3459,249
4706,41
3874,127
521,44
8729,85
8577,29
10814,19
11704,106
4993,102
7117,35
6840,20
8805,34
11562,54
11367,29
12043,22
11366,29
3811,37
5103,-13
11427,64
5043,92
3969,29
8065,24
5025,34
11026,52
9490,45
10190,25
2725,26
8720,50
9848,51
8324,40
10982,24
2783,44
4857,20
2392,36
884,35
7990,21
810,45
5608,29
12069,42
1924,123
10177,73
2381,266
11289,48
7369,389
6885,27
4654,10
7678,271
8100,31
9403,40
10993,42
3390,46
1664,31
6528,19
3065,76
2978,49
1961,32
3260,135
10478,34
12223,193
10176,42
2356,106
10501,100
6215,57
9797,33
5852,39
10457,54
3983,8
2724,24
1248,33
7111,45
105,39
5139,357
1650,67
549,84
5475,83
1594,29
7668,42
1130,27
12186,29
9874,106
5454,63
10756,51
10737,389
4948,400
5158,42
10242,28
4116,31
10279,24
655,77
2917,39
5123,26
9903,34
7006,39
7655,77
6764,57
1661,22
9810,34
8373,20
4617,42
5411,98
4249,34
8706,83
1331,51
7910,4
6279,25
470,34
5075,24
6830,44
6333,25
10880,51
3241,26
9477,157
11463,13
4594,73
275,29
10655,92
9991,96
9215,33
4404,161
3124,32
3709,13
6310,32
7930,32
5679,-13
9822,38
2223,50
5259,62
5412,106
10039,45
8111,44
8733,34
4456,45
10244,32
8503,29
1811,32
2550,18
10561,135
5506,27
9754,451
8852,26
5528,51
930,21
782,32
4719,35
8508,21
3468,234
12067,45
6846,13
8883,212
260,33
8480,23
9792,56
11098,25
4107,25
11677,193
9750,43
6882,34
8655,451
7721,75
8881,22
7351,52
9946,44
7612,13
2180,18
5547,127
1555,21
9780,25
7722,60
10839,31
5629,53
12027,38
1349,123
1660,41
9537,52
4930,72
2977,107
2519,75
4955,142
9882,52
3682,34
3009,38
10736,578
11888,28
2034,8
11245,11
6537,266
1013,32
5642,29
11417,81
5726,29
5468,100
6053,27
3279,148
11341,44
3667,49
9712,24
3295,86
1992,19
11406,59
12072,25
5927,13
8466,16
7999,57
3348,63
2592,45
5727,29
9001,45
6900,18
5964,78
2567,25
11817,48
11472,50
11601,408
7746,31
1891,27
1405,27
4482,24
10372,33
6589,44
761,36
9516,28
5105,86
7453,19
6510,96
10805,22
4288,96
4918,26
7394,24
3359,34
1053,8
11485,49
9915,63
6296,30
6270,54
3915,75
8734,16
7089,54
9009,31
9161,8
2526,19
1624,27
8248,266
4128,25
7195,142
4628,23
10255,17
8091,41
256,42
6530,20
4101,26
88,0
1696,38
3342,13
8826,200
2909,31
9812,27
2325,93
1589,28
5265,81
334,10
1622,24
1991,28
10170,126
2162,12
4954,51
10288,59
7554,36
5863,26
9129,12
8250,44
8291,61
8014,23
5559,38
4140,31
225,36
5304,42
2280,33
11878,24
2033,16
8760,160
5646,24
2001,78
10096,34
6392,35
4205,27
3883,54
11205,29
6594,42
8890,142
3457,26
6412,36
10316,39
6025,88
7071,234
7671,31
7710,95
360,81
4211,39
8328,728
848,98
8780,72
8864,41
6994,49
7221,51
11676,357
6903,31
8375,86
1474,4
3844,728
9945,37
8371,37
11345,33
11848,53
8520,233
7924,52
1792,78
490,47
691,38
12185,22
11399,24
9046,52
11175,75
9835,32
6688,61
332,28
1826,52
9353,62
10173,98
715,26
8631,65
2812,32
4609,393
6355,59
4878,33
2649,85
1449,24
9105,34
203,32
574,111
2556,26
8724,35
6595,29
1639,50
5164,19
11480,39
10973,35
6388,31
5595,91
8939,59
7272,24
9438,135
127,4
3663,85
7044,9
11353,22
8412,26
11611,104
9628,73
9854,25
11980,39
1986,27
3108,72
10346,26
8666,19
7859,92
7594,70
7386,35
8846,44
1070,91
6942,49
10686,11
8530,53
10538,72
1626,24
1976,30
7759,728
3224,31
302,30
1849,86
7782,38
11328,24
156,62
12229,73
3052,72
12164,44
9101,44
4860,32
6829,86
100,134
6545,33
10747,126
496,26
8104,35
3818,44
11794,87
9647,57
4504,48
2583,79
6828,25
6314,29
2146,23
9444,65
10105,24
10896,21
10922,38
1459,8
6654,45
11884,6
7143,82
6114,486
8828,149
811,42
654,85
8979,92
7796,45
1926,79
1481,17
10131,34
8158,38
465,83
4457,42
4744,38
58,84
2125,16
739,79
3539,36
8757,20
2565,22
6061,38
10464,31
3675,158
10884,64
7038,32
289,29
6666,102
3446,48
6714,130
1999,94
1727,34
11913,17
5426,38
6010,30
9984,262
909,17
668,44
1196,25
554,50
2324,120
10066,28
7777,53
4097,27
7639,78
7214,79
3032,32
8124,26
1995,70
1146,114
11900,27
8500,48
10114,16
9939,60
11881,23
4187,30
4622,33
4025,26
5386,51
3318,30
6386,31
4514,43
11243,32
9052,33
4749,24
4446,111
11571,32
5363,30
693,210
170,404
11896,29
3026,85
11290,33
9061,249
3734,33
1762,66
8040,30
4783,56
3475,105
6706,28
9031,39
6033,49
4536,6
5223,28
1168,34
3207,29
5147,51
6119,111
11097,29
10214,16
514,93
3494,24
2109,86
1238,215
10189,26
12032,18
1786,111
8447,34
1694,29
8832,86
11123,212
1562,73
1526,31
4998,98
1086,22
11134,79
6497,160
2871,25
6575,88
4466,61
1595,12
867,46
2029,35
10754,53
9123,19
11079,82
6043,25
3641,30
5803,24
3597,101
3974,24
11154,73
9696,25
2849,20
6870,36
585,72
1689,22
1047,24
6453,70
1035,24
9242,85
10826,17
2816,19
9169,37
4600,35
1709,56
11808,-13
3780,159
4672,24
253,41
8777,78
3361,27
1162,37
7794,24
8458,27
9382,94
41,26
11886,29
11499,37
11690,47
573,102
5231,25
2806,27
2958,29
1535,44
4852,42
7574,40
1296,25
745,34
10139,85
1242,44
2295,27
3636,33
4737,22
482,37
8346,22
1244,62
3665,42
1166,22
7371,269
4685,24
999,30
7246,45
751,221
2622,6
6300,22
1311,45
10939,49
7846,29
5128,409
3670,39
7331,87
9651,42
9719,24
5567,157
9613,389
16,24
5632,45
2513,111
2524,45
610,266
10409,9
1929,63
3006,55
5342,114
6213,18
1560,393
7667,45
8334,262
4797,32
2756,57
4606,25
10005,193
8871,32
8241,20
10949,83
8817,63
4447,115
4735,30
1277,88
10557,283
10439,234
12021,6
712,27
7528,31
1122,30
11773,1
10293,64
3737,234
1501,26
7274,28
4666,17
10556,400
3805,75
3234,36
7682,103
8869,49
458,33
1307,72
6477,24
10546,32
4560,53
8189,32
10118,2
3054,74
3835,45
3398,39
7521,42
10002,38
4926,31
279,24
1614,25
7163,24
1740,35
5449,32
2739,37
9653,30
11507,35
11215,98
1860,77
10085,53
11509,32
8841,60
12047,85
7330,18
11939,64
8947,76
5623,78
3438,-13
2142,17
5371,32
6383,22
8402,46
2770,20
2211,91
4076,24
10798,33
8748,66
12200,400
6284,73
4838,106
11060,52
3713,300
4526,24
10528,25
12097,69
8169,50
597,32
2352,139
6756,8
1512,234
7409,21
6797,26
10527,25
11232,53
7966,29
8580,34
11844,357
6214,87
7306,34
1442,39
6629,123
7215,73
1884,22
5704,409
5741,42
3486,29
6957,35
9283,34
2932,451
4750,13
6492,32
9313,57
8223,106
6893,17
8514,409
3115,47
2247,33
12260,32
3147,33
2720,30
6263,98
11002,160
4664,25
4048,51
11087,37
6364,101
2782,52
5903,18
11622,44
3377,92
5739,52
6951,31
3821,25
5801,25
5021,38
12080,57
11754,68
11231,46
12215,37
3106,75
9442,96
2572,30
4241,22
8217,102
2291,38
4496,102
9399,41
8487,17
9734,56
8319,45
4567,33
8940,54
6075,144
5110,43
6763,87
6539,44
7204,34
8021,28
10581,123
3910,32
2444,40
6496,13
1796,72
6318,34
8064,24
419,44
2769,16
1831,159
6681,32
7688,113
5024,26
8926,486
9038,24
6863,24
576,115
9993,65
5647,27
11001,13
6911,27
5112,35
2521,52
4171,451
1951,106
6019,134
10585,73
6073,283
5496,25
9667,29
12135,28
6172,78
2540,47
213,23
11683,73
11822,29
12246,139
5087,16
9962,40
5826,51
8366,45
1259,34
6527,38
12174,37
1498,29
5740,44
2163,34
7734,40
10900,215
5733,393
241,20
9131,27
8685,24
1809,20
1062,64
8935,77
5656,2
4820,20
3285,33
8094,39
7420,25
10654,78
11039,32
109,36
1537,42
11065,30
11391,31
211,37
9948,45
8299,40
9845,66
6580,60
1972,91
10051,46
3949,79
1565,41
7979,25
9508,30
6339,18
1065,31
2079,578
12220,38
1219,78
1417,19
2298,54
8660,43
980,17
5373,32
4149,70
3785,34
5171,20
8880,728
4733,31
8142,56
3508,15
10161,389
12078,76
3043,66
3334,59
957,35
6743,31
4986,37
6776,17
11441,34
7292,45
3705,16
1076,51
8326,29
4300,54
11135,9
8611,8
3514,16
2676,21
5780,25
3988,0
7432,41
3745,106
5162,12
2506,20
10739,404
3784,28
790,32
148,21
1321,22
432,38
7091,45
1060,37
3121,20
12161,56
5328,49
4036,234
1315,37
1706,107
4455,54
3529,33
7479,17
3182,74
2949,23
3057,46
4410,65
5095,39
2203,64
2865,17
11202,27
3612,41
6651,63
8643,41
1731,70
160,43
1341,22
2985,33
11396,24
11811,84
5104,85
10430,13
11072,95
7441,24
3408,35
1615,25
9781,30
2099,35
8130,30
4084,29
9135,26
9310,78
3648,29
10954,34
1087,40
4865,486
1236,32
8295,44
6146,24
7435,33
3517,240
10285,24
2810,29
6551,33
2367,47
4841,77
1134,56
6985,17
4395,221
1012,32
5359,37
6886,17
3088,29
10963,50
7849,29
2595,44
11702,115
10902,60
12084,234
10175,105
7465,28
7381,357
1685,31
8357,123
840,28
9830,19
10734,26
6519,69
10853,25
9314,33
3895,111
8378,157
4519,30
7419,42
8811,36
6895,35
3007,26
200,85
6536,271
4408,96
10389,54
1568,44
1712,50
7923,53
381,31
3971,30
11967,31
4760,50
2010,53
3608,51
9883,59
5853,19
9869,111
6512,98
11348,23
1827,36
3189,44
9395,45
9020,2
10270,18
7395,26
5124,249
376,41
9071,178
568,14
7004,38
7249,32
4317,44
4387,29
9598,35
1344,38
76,29
378,40
9414,29
10257,26
4988,12
9588,17
9003,29
3857,96
10975,32
794,27
1645,91
7998,88
10061,27
8573,19
9423,28
8490,-13
8690,107
7945,243
12208,123
8092,42
2019,32
6123,77
5525,135
748,37
5165,18
4170,35
4091,28
10000,37
588,59
5473,94
10763,24
10135,17
8784,52
1022,12
1,20
586,52
11416,73
4953,135
4314,271
916,75
6327,17
5387,33
5586,76
4659,25
3357,30
1934,54
5699,26
5091,57
11520,120
4151,55
12,47
5438,486
7064,78
4646,27
696,28
6216,69
7383,73
3603,65
8358,127
7210,357
11563,47
8543,44
8707,64
8420,26
1789,115
290,29
3123,32
10467,32
4109,25
4808,120
2377,32
7687,33
9340,19
9857,13
10309,67
4221,114
12042,35
4470,91
3407,24
2714,73
8572,32
2192,24
6440,38
1453,24
3799,104
11752,78
5555,45
11819,33
12160,77
4589,111
6939,55
8686,13
7447,29
5513,40
9141,35
8436,68
1222,69
12077,78
1940,20
9446,57
2616,0
1125,24
12191,27
8032,27
4592,105
2979,85
7389,31
3170,95
5447,52
5228,35
3029,9
4655,30
6805,217
7709,148
1218,75
8532,51
4471,91
2438,45
7286,91
8925,86
11505,34
7055,42
1371,157
1129,39
9960,25
11201,26
4133,59
4121,24
6418,38
2097,53
8964,18
9778,31
509,32
5894,114
4950,262
1528,29
10241,24
2590,53
793,18
1064,50
377,22
3739,111
8214,486
10216,393
8429,92
4388,31
12037,55
8218,111
10945,6
8148,39
2695,108
3704,34
7078,98
5033,28
5693,29
2270,32
8105,451
5451,33
12058,32
8457,24
8715,70
5767,29
10328,113
5723,31
6866,23
5816,73
97,7
8210,69
7918,-13
6954,43
35,19
4941,29
5868,38
3554,27
7828,76
445,34
9121,32
1710,42
2069,33
6728,44
3290,357
3284,49
4247,19
8510,26
4559,75
4034,233
4909,49
6607,45
2433,38
9228,38
3773,45
398,20
6109,38
5884,50
2653,34
11654,23
10164,269
1061,24
3425,57
8330,275
7513,67
803,106
166,249
3248,22
2224,41
4017,33
6369,77
9503,47
1421,92
4274,13
10083,84
8277,100
897,18
5459,34
8868,56
3531,17
1675,60
248,393
5064,39
12057,32
4912,44
4892,149
1042,26
5790,17
1308,41
10948,114
1576,24
7711,100
3944,70
10338,44
9876,77
1841,200
8344,9
5582,19
11156,45
11522,85
11855,29
246,14
10381,38
1653,51
7747,30
1739,38
12014,50
192,29
6686,75
2713,73
5369,16
12108,31
1142,33
7247,42
10172,111
6481,120
2858,23
8973,44
7768,142
5503,30
519,51
94,6
10026,157
7856,98
12258,42
3506,13
5661,9
5773,27
8753,33
7238,98
8399,75
3258,144
10552,728
2853,24
8996,41
2545,30
7815,106
11944,122
9802,38
738,96
1225,52
6529,31
10878,56
5198,13
1579,23
1743,34
5303,44
3941,19
9783,17
5675,10
6836,25
6841,13
7643,33
5819,74
3545,28
11946,73
5263,101
1314,38
341,15
5786,18
5311,26
74,30
7905,87
5074,36
30,26
292,17
1231,19
4740,33
8416,24
6891,11
3728,13
2694,249
12068,33
604,52
7191,144
9204,35
6997,42
7241,75
11401,25
1120,38
9033,34
5264,73
3900,106
2647,9
6788,33
7968,26
10988,85
9561,31
5227,17
348,59
6138,63
10374,6
10420,48
4356,60
12086,102
255,52
5540,38
11950,65
5994,34
4215,24
11997,31
770,79
7053,51
2446,29
7434,34
7454,29
2665,75
6258,234
5713,111
9079,73
4566,33
12090,96
3208,31
993,52
2995,49
11246,30
1842,186
9813,18
11815,35
9642,44
5182,240
6508,111
10275,9
9461,65
10768,42
5532,65
5572,98
4439,12
7564,24
7862,94
891,8
5493,44
4397,275
1217,77
9160,24
10554,275
653,75
1549,20
8915,45
6505,234
3330,77
2081,409
12104,45
4472,38
5990,44
8526,357
5738,41
2711,42
5724,35
9473,12
3134,25
600,25
2326,85
5179,16
6446,49
2525,42
1434,53
6522,59
11045,103
11055,35
5117,32
6148,26
9147,24
1089,31
5581,42
6041,44
5617,70
1649,70
5126,389
4238,37
2777,240
8243,32
9997,22
10623,75
6101,73
11810,86
10629,91
186,73
12095,75
9331,69
10048,63
204,260
6556,34
7609,35
1136,50
9933,104
5807,54
8870,45
6739,32
5670,39
1472,23
2975,24
2278,50
9259,38
11515,9
7675,32
11355,6
2108,25
1439,34
3814,45
5910,38
3332,72
7414,17
9406,45
10891,31
3047,44
852,102
1252,32
11111,56
1426,78
3878,63
2041,7
6155,24
11362,17
1108,42
7003,33
6606,49
36,19
11729,34
12070,44
10683,36
6542,34
9635,29
7582,39
6346,27
6742,1
12123,45
5402,44
2746,30
1467,18
1034,17
7495,59
11555,75
6980,36
8002,42
1188,66
11649,40
2443,24
11765,34
11312,126
10570,53
1094,21
8408,24
3804,85
10801,30
7470,35
1885,22
4183,44
9220,23
5362,22
561,19
1918,38
697,22
5584,117
4417,37
318,24
1698,30
1313,42
8479,69
4313,215
10574,37
1058,59
9080,53
952,53
2927,38
5817,81
7814,98
10867,31
2038,6
7275,27
3947,102
10185,29
10766,86
6420,30
1262,30
9223,22
8283,86
6550,35
4429,63
2569,26
6160,25
10499,154
11871,41
7836,91
2258,36
11140,37
6689,46
8539,24
11494,54
1360,29
10266,25
3932,24
2499,45
1882,31
252,57
2597,45
6056,25
9616,243
79,31
7020,54
10371,39
9179,91
106,45
5501,22
4810,85
9644,240
7773,79
11661,51
469,27
8072,64
1794,75
9178,73
7340,4
9777,29
1705,27
6390,16
7140,83
943,178
10539,41
7156,38
8788,45
3039,120
6838,21
4051,30
7867,48
1554,15
258,34
3767,486
4096,34
827,91
11029,47
4336,34
10300,81
5715,357
9469,47
3035,32
2981,40
6443,114
7425,73
4889,186
10615,45
3756,42
8081,74
7229,12
3227,73
9977,49
3460,578
6349,8
8719,55
6194,31
1848,102
7761,275
11251,24
1014,17
1862,45
8806,34
10799,33
7266,34
6890,28
4282,486
7877,44
6121,106
8004,41
10263,35
5462,26
5996,33
8787,47
2150,36
5220,17
856,78
6190,32
3879,24
6972,30
7753,42
5837,31
10860,59
4259,120
998,34
8272,408
1657,41
10169,178
7068,33
5652,11
10580,176
6336,17
2318,32
8894,79
4680,24
6142,47
3790,186
5376,24
5306,23
3083,39
6199,24
61,48
7795,45
8540,26
7379,126
2363,53
7040,9
7410,13
6703,29
3056,51
8860,31
10712,24
3478,53
1096,451
3477,73
830,24
9591,86
8785,59
5315,31
2718,54
9563,21
10479,45
10723,35
7252,76
5209,32
7448,24
892,32
5144,53
1156,70
2422,74
7173,72
4055,24
2601,39
7112,33
3480,51
10691,8
7280,19
1454,35
6265,105
4956,123
1289,45
8461,24
7938,26
8086,56
12196,221
6164,97
7302,44
1550,13
9544,45
4730,33
1380,59
10817,17
9069,233
449,107
7547,31
6617,728
3643,22
5419,53
5488,45
7736,26
6582,37
531,46
8976,97
8628,73
836,18
2111,42
5752,23
11877,17
9174,31
1306,27
5578,59
730,283
8727,34
10850,24
7486,20
9112,22
1113,30
508,24
2577,130
1984,28
3220,728
11625,38
2185,9
1487,53
4747,16
8240,31
6070,275
6590,26
7531,16
5660,6
8061,24
4164,31
9577,69
4824,78
9130,34
1285,49
11790,9
6499,76
9108,33
11344,30
7538,60
8561,13
9381,102
10519,44
5109,52
6340,31
3341,19
6274,29
11292,29
3441,84
5136,126
6991,39
6113,86
3025,30
10019,38
9376,154
5640,45
8993,53
11664,96
2023,31
4638,19
8747,66
7692,35
2602,30
9621,112
6650,73
3484,29
3118,38
4476,34
773,63
6458,50
9205,451
9447,53
5782,35
5577,52
10808,24
10434,69
2124,21
4079,23
8147,24
3141,62
4029,389
1372,139
2239,215
10200,18
2789,33
8406,91
7842,26
2103,29
10097,43
6628,51
5102,24
8673,22
3615,41
5960,115
2780,57
10101,29
4989,86
1016,29
3623,16
2744,17
10207,13
4796,19
2899,64
2088,178
2689,42
4871,45
3482,31
4725,43
5499,29
3242,26
8249,486
4530,21
4546,39
10484,32
1872,40
853,91
8144,50
2155,32
7929,33
7530,43
2497,24
3791,200
1577,13
276,34
563,28
3427,60
7094,15
5188,44
1278,82
9302,44
9111,13
9519,26
4440,86
425,26
4676,8
10845,25
4198,30
6180,53
7598,55
4227,34
1656,50
3659,39
8405,91
9124,28
8027,29
10445,96
8011,24
3668,33
8718,56
5092,69
8738,13
5190,41
3985,6
3996,23
4422,193
3237,28
369,51
1276,104
5485,37
7780,34
10399,34
5497,24
2375,24
10643,28
8743,300
9592,84
10983,32
8103,21
4515,39
1701,24
4111,17
1443,45
4938,37
5224,11
4256,32
4192,36
7689,52
10669,44
10716,84
8314,27
5643,30
8360,73
10700,87
1181,32
6323,28
2293,34
3251,29
7670,19
11496,55
6753,0
8224,78
10369,33
3218,32
11445,31
11150,127
3826,22
5730,25
9499,63
8228,72
5345,49
8044,35
10619,117
6562,408
8089,49
8152,39
9928,95
5294,215
2906,40
11305,243
9288,13
11620,61
8176,34
1486,75
6977,33
2759,21
7801,38
11623,45
3309,32
5097,34
7516,51
9565,16
8863,27
9345,32
8921,38
5010,87
4383,22
10251,12
3619,31
9273,35
6413,26
7949,178
10628,47
4370,40
9175,101
6197,31
1673,215
7744,28
9107,30
6202,21
1281,74
11288,35
7628,51
10375,39
9870,139
10045,76
501,19
10981,9
9377,149
11273,4
6254,269
6592,25
10320,31
8195,66
5463,408
9610,249
9530,91
8167,56
11731,27
4897,94
5009,117
2344,57
9871,96
7336,39
7333,69
1490,48
1495,29
5,76
6474,32
6604,56
6004,63
12255,59
6185,44
4835,111
8534,31
9980,275
1893,25
10126,69
689,100
4529,21
4921,24
7368,404
5310,36
375,39
2874,16
1180,24
12190,28
4859,32
2582,102
7350,53
2965,24
1540,19
3089,28
1201,78
10282,24
8275,154
2573,18
12193,25
4052,29
2640,30
2007,20
986,240
9372,26
7056,44
6277,24
7079,106
11680,127
8842,74
10487,159
732,144
8962,26
11768,39
10028,111
7205,53
2644,17
2552,24
2230,31
4064,57
8098,31
5995,45
3143,34
9683,26
4785,50
2828,10
9025,18
2973,34
8876,31
11692,37
3187,45
551,40
9737,49
5425,42
1409,28
10771,19
2053,10
2449,22
4199,17
10680,24
7304,39
2469,161
11734,24
9555,35
8867,77
965,44
6801,409
10955,26
4445,139
1881,29
6793,29
2241,60
370,64
2763,13
283,24
1241,486
2073,29
711,28
1806,15
7653,98
3270,22
11905,11
10354,16
6667,111
1451,31
9641,86
10154,29
12102,54
11390,25
2866,26
3689,56
7601,37
6329,25
9728,91
8323,37
11046,62
8318,56
9167,59
8155,83
4994,139
4178,39
8441,45
8478,57
2342,76
8131,16
649,83
3738,157
7602,38
7922,75
737,123
2772,12
3976,31
3493,42
4597,51
2864,25
7267,26
103,40
161,35
4113,18
4461,87
6303,24
8261,35
11061,28
11172,115
11107,30
8470,9
5213,29
10194,42
2727,44
3328,98
6008,34
1682,33
4110,35
11521,93
4264,51
3904,52
8102,16
11189,63
3640,23
6597,22
2196,24
3086,31
9551,30
6892,14
8557,33
3882,51
2553,28
3931,29
3272,34
6100,65
3152,34
6269,35
6001,35
5276,64
527,88
1933,51
3340,25
10508,88
11408,37
7590,34
9100,52
12166,45
10334,33
10711,17
5524,144
4996,115
8875,40
927,21
5324,32
1546,21
2064,43
9327,77
7082,75
6166,70
5166,25
3908,42
9729,74
11203,18
8317,25
8982,94
7075,111
2338,12
1337,57
3660,27
8446,45
11301,578
7265,26
121,85
6842,17
9823,35
12109,20
7508,91
9087,35
8180,19
3191,40
10015,45
9467,51
4008,86
2355,98
2980,39
1447,1
2292,27
8755,32
10946,39
6308,28
9231,25
5127,404
3937,25
12088,111
4014,43
1529,35
3688,54
5569,111
22,18
8797,32
11213,44
7284,92
9405,37
8807,45
5384,66
9268,56
9379,95
7417,15
589,47
8156,64
10782,17
3841,31
8652,16
6567,100
2198,59
10634,26
5002,52
4727,33
6609,42
3540,29
10784,16
4069,41
11430,41
2035,0
1511,217
47,27
6518,72
5008,32
5663,7
7555,31
10522,40
3906,54
8435,84
5624,84
525,25
702,54
2425,56
3933,28
11450,36
2110,44
3331,75
222,27
7981,21
11548,139
3707,32
575,96
6224,10
11145,39
10503,134
4179,33
9539,20
9303,45
10923,25
2036,32
9222,34
9419,29
8491,85
6407,31
11816,43
6790,32
6521,52
7578,34
5619,94
11436,60
2115,19
10702,69
3111,53
10796,41
7443,22
902,60
7873,44
3050,32
11978,43
4344,100
3313,77
11239,39
7262,38
2039,9
4816,33
2149,6
10610,75
6427,27
9045,53
6341,26
3375,130
2383,44
3654,17
8347,37
5939,45
9805,83
63,45
1057,59
1778,69
6802,404
596,24
2881,37
7289,78
7850,27
2164,27
2459,22
483,35
11017,115
558,38
11025,53
2205,50
304,10
4360,56
9054,29
11994,33
3414,16
1004,23
10778,13
4449,106
12134,52
11337,57
3710,24
5030,29
5680,85
4261,85
12048,35
10012,63
906,7
324,25
2760,42
4943,221
9749,31
2507,12
9880,69
4286,139
8329,22
2803,29
6385,36
9789,107
8665,33
5957,102
1428,68
1095,35
1427,84
1858,74
10498,200
5005,45
6669,115
5437,266
5681,86
3306,38
6200,35
6014,200
8636,55
4160,41
4125,17
3090,18
2358,77
7986,17
11869,44
9875,78
2961,25
6554,63
7603,35
7919,85
7500,64
2253,30
8946,87
3617,40
9846,66
1688,34
2177,25
212,42
11535,13
5788,25
833,34
12221,39
1702,13
10582,127
10728,29
2072,21
4320,34
10524,44
1368,486
7969,25
5017,57
3159,52
5523,262
10296,31
8116,44
1776,78
266,19
11641,30
2404,26
9999,34
5620,102
3812,44
8353,39
6671,106
1274,86
5589,63
11347,30
835,27
6231,84
7510,74
197,25
10676,32
9916,52
1400,24
4340,186
2328,66
705,77
6212,7
10425,45
12022,158
11564,45
7583,158
2335,32
2745,20
4153,67
7975,19
7103,271
6824,35
6055,41
9186,51
10584,65
1838,30
1388,87
10361,27
11142,37
95,9
9378,100
3163,22
10660,84
2330,51
1802,47
6012,408
2218,51
7152,44
9863,33
4295,72
6090,37
11012,102
2940,99
11424,56
7148,74
7043,32
503,32
7771,123
5967,72
8566,6
1239,271
7698,52
1521,73
5291,35
10349,38
5039,19
10854,24
7067,57
2025,27
10905,33
1853,82
4625,24
5464,186
1989,39
3783,52
3749,72
9605,29
4252,16
1917,37
5539,37
11263,7
3211,28
4575,26
11,46
4283,234
4315,266
7062,13
9252,38
456,49
2171,14
7943,409
12178,24
3936,26
2728,85
8345,57
11538,76
3747,77
7806,86
10804,13
8161,26
7324,9
1608,25
4375,25
3833,25
5465,200
9478,102
5859,30
8821,34
4927,30
10690,16
10889,40
6286,57
5558,47
6658,38
9655,33
2652,39
1106,33
2560,44
9864,44
10259,11
8512,578
11388,18
11070,154
8837,83
10121,16
9364,159
2327,66
9985,144
4825,76
8087,62
11235,45
3431,34
5543,357
5542,39
5458,28
2664,86
10592,29
7534,451
1873,44
3036,32
5443,34
7763,400
1429,53
5483,77
4913,45
10084,68
7561,16
7838,24
2830,27
5714,98
10609,77
1840,408
4675,24
9458,123
10402,35
7279,44
8740,32
10231,17
4484,29
10290,54
6028,75
5698,26
2098,54
8717,54
9937,85
10505,94
12257,45
706,53
11191,46
557,39
3011,22
4665,31
1410,29
3151,33
6509,139
4385,30
3729,160
8207,160
11934,59
11615,82
5042,70
2801,27
7899,32
10822,34
7584,114
9743,41
7483,27
812,19
3856,123
9103,41
10530,42
8587,11
7934,29
6854,42
11461,17
10745,178
218,30
7940,578
1381,52
10586,63
6948,22
2819,28
5383,66
4123,20
11582,34
11007,33
8977,130
2076,26
9474,86
1431,48
7357,33
639,26
9633,31
6252,404
2290,49
2129,73
7337,4
4412,57
6408,23
5583,32
694,728
306,25
11319,53
2420,85
9739,50
9456,193
5440,103
8679,31
7559,25
7605,30
5943,25
6401,33
7896,2
269,19
3140,103
1100,60
7852,25
2128,240
1671,451
1890,28
10641,24
5312,33
8053,9
11603,186
1625,17
10506,83
11188,75
7041,13
6351,24
3405,31
865,53
1901,283
313,17
5955,234
9769,23
52,94
8661,44
1030,26
2678,21
7036,34
7391,29
6074,262
8919,29
322,8
8765,33
2353,115
9970,30
6668,139
4258,300
11559,53
484,22
10856,24
9509,26
11014,139
10221,41
4291,106
2310,34
11921,9
1804,42
11685,51
1684,42
5078,21
485,30
9221,30
8095,22
6152,18
11852,31
7146,60
4604,24
1666,31
7057,33
7374,217
2645,20
10228,33
11651,29
1810,24
9183,70
2042,18
4932,25
911,17
7533,35
7855,19
4924,25
9944,45
8641,41
5766,28
7835,47
5851,33
3312,65
11127,144
4753,39
10171,112
8229,69
3771,34
476,54
26,24
8067,59
9622,126
10930,32
6750,11
7888,36
10360,39
5546,123
7203,37
1913,57
8615,24
5602,27
4934,45
1932,45
11015,98
4951,144
307,35
9455,357
10558,262
4534,8
8668,42
5160,24
3901,77
11196,38
3304,29
3715,93
4914,41
9639,26
9540,45
9771,34
7190,262
10157,26
352,54
362,91
4424,123
9137,11
1362,38
229,48
6641,38
9330,72
8239,19
4650,26
5098,7
2992,114
5742,41
7131,186
807,52
9120,28
10890,36
9039,17
7344,17
11233,44
5988,266
11400,8
791,17
12232,54
10668,53
8301,44
12254,52
12231,51
6578,75
11229,20
9457,176
446,23
12015,49
10284,25
9026,87
3581,24
10444,115
2296,18
785,97
118,9
3044,51
7876,34
4781,54
8013,22
7107,103
545,16
6425,22
1103,33
7405,16
303,14
8904,38
4752,32
8451,45
9251,33
11699,102
6657,47
8741,9
6526,42
4260,93
5051,53
10645,26
9306,20
10674,41
2994,64
208,57
1960,19
11095,44
4678,24
8703,6
10368,49
9814,70
2891,77
6064,31
900,69
1159,56
11977,60
11823,21
781,37
5393,20
8689,27
7255,61
2571,34
9679,34
5725,30
2794,22
5811,62
926,29
5442,34
7264,30
9601,32
7398,44
9143,30
2835,17
5135,112
10440,157
11975,215
4869,34
9525,97
1787,139
3768,44
245,12
9817,56
9799,31
7568,42
10187,29
1176,13
3692,26
1745,85
11082,74
2841,25
6692,91
923,48
11569,20
10165,243
5320,17
7701,34
9462,73
11010,234
1714,33
10521,41
1854,88
757,58
8565,24
2920,92
7717,88
7523,41
4945,22
5521,400
4555,-13
7149,77
5829,50
3993,57
11887,24
8810,52
8823,26
7830,75
1703,22
10688,21
4715,31
6045,24
8438,52
7222,54
8348,34
8415,29
3186,45
9047,43
7509,77
6131,19
4653,14
140,48
2043,87
6356,54
10163,404
4991,234
6306,29
4582,243
6563,186
541,57
11160,20
9146,17
10830,14
518,48
7529,31
6255,243
12189,30
1476,7
1906,142
10367,50
3219,210
10038,54
3298,63
7290,68
1101,43
11423,67
2643,9
9757,173
584,53
8648,31
5921,32
3864,34
7702,22
6566,149
10710,10
8522,112
5593,47
10313,50
8762,76
249,240
9329,72
9386,88
11411,62
9617,233
5327,107
5439,44
2600,41
10236,19
6179,45
4959,65
5329,85
9388,85
6916,24
10562,142
7423,393
8279,134
11799,39
3576,26
9510,34
4242,30
1005,19
11658,283
6305,36
11632,24
5900,34
1489,43
10143,53
8782,69
1491,35
2144,13
7242,72
11631,25
4639,17
7269,18
